{
    "$schema": "https://schema.management.azure.com/schemas/2015-01-01/deploymentParameters.json#",
    "contentVersion": "1.0.0.0",
    "parameters": {
        "location": {
            "value": "northeurope"
        },
        "virtualMachineName": {
            "value": "linux-dotNext"
        },
        "virtualMachineSize": {
            "value": "Standard_DS2_v2"
        },
        "adminUsername": {
            "value": "detrav"
        },
        "virtualNetworkName": {
            "value": "dotNEXT-vnet"
        },
        "networkInterfaceName": {
            "value": "linux-dotnext86"
        },
        "networkSecurityGroupName": {
            "value": "linux-dotNext-nsg"
        },
        "adminPassword": {
            "value": null
        },
        "subnetName": {
            "value": "default"
        },
        "publicIpAddressName": {
            "value": "linux-dotNext-ip"
        },
        "publicIpAddressType": {
            "value": "Dynamic"
        }
    }
}